metric,phase_pct,mean,std,p10,p25,p75,p90,n_videos
left_elbow_deg,0.0,76.36,32.63,34.12,52.74,100.56,106.77,20
left_elbow_deg,1.0,76.32,32.55,34.09,52.42,101.22,107.18,20
left_elbow_deg,2.0,76.27,32.48,34.06,52.09,101.89,105.76,20
left_elbow_deg,3.0,76.23,32.44,34.04,51.77,101.91,106.00,20
left_elbow_deg,4.0,76.16,32.41,34.01,51.45,101.10,106.84,20
left_elbow_deg,5.0,76.07,32.37,33.98,51.12,99.45,107.23,20
left_elbow_deg,6.0,75.98,32.28,33.62,50.81,98.28,106.55,20
left_elbow_deg,7.0,75.91,32.24,33.07,50.40,98.39,106.50,20
left_elbow_deg,8.0,75.86,32.18,32.78,49.96,98.50,106.58,20
left_elbow_deg,9.0,75.87,32.08,32.95,49.44,98.53,106.68,20
left_elbow_deg,10.0,75.78,32.12,32.51,48.61,98.56,106.86,20
left_elbow_deg,11.0,75.69,32.16,32.08,47.89,98.58,107.01,20
left_elbow_deg,12.0,75.61,32.19,31.65,47.49,98.62,107.15,20
left_elbow_deg,13.0,75.52,32.16,31.42,47.32,98.66,106.46,20
left_elbow_deg,14.0,75.40,32.09,31.40,47.14,98.66,106.21,20
left_elbow_deg,15.0,75.08,31.86,31.50,47.01,98.26,106.33,20
left_elbow_deg,16.0,74.73,31.61,31.63,46.87,97.87,107.21,20
left_elbow_deg,17.0,74.39,31.41,31.75,46.70,97.51,108.12,20
left_elbow_deg,18.0,74.04,31.25,31.84,46.54,97.15,108.87,20
left_elbow_deg,19.0,73.73,31.07,31.94,46.84,96.85,109.18,20
left_elbow_deg,20.0,73.51,30.88,32.14,47.57,96.59,109.48,20
left_elbow_deg,21.0,73.25,30.60,32.40,48.36,96.26,108.16,20
left_elbow_deg,22.0,72.98,30.45,32.72,49.12,95.94,106.84,20
left_elbow_deg,23.0,72.71,30.42,33.08,48.40,95.60,105.86,20
left_elbow_deg,24.0,72.50,30.49,33.51,47.40,95.61,105.89,20
left_elbow_deg,25.0,72.38,30.68,33.79,47.00,96.85,105.92,20
left_elbow_deg,26.0,72.25,30.90,32.92,47.19,97.36,105.79,20
left_elbow_deg,27.0,72.13,31.18,32.58,47.38,97.88,105.62,20
left_elbow_deg,28.0,72.00,31.50,32.66,47.59,97.83,105.43,20
left_elbow_deg,29.0,71.97,31.62,32.78,47.84,97.75,105.25,20
left_elbow_deg,30.0,71.98,31.34,33.01,48.08,97.32,105.06,20
left_elbow_deg,31.0,71.92,31.14,33.29,48.34,97.75,104.92,20
left_elbow_deg,32.0,71.93,30.90,33.57,48.72,98.22,104.57,20
left_elbow_deg,33.0,71.96,30.68,33.85,49.10,98.67,104.53,20
left_elbow_deg,34.0,71.88,30.43,34.08,49.50,99.07,103.75,20
left_elbow_deg,35.0,71.75,30.18,34.29,49.90,98.69,105.10,20
left_elbow_deg,36.0,71.75,29.97,34.74,50.45,98.31,105.93,20
left_elbow_deg,37.0,71.77,29.82,34.64,50.96,97.84,105.61,20
left_elbow_deg,38.0,71.81,29.68,34.24,51.45,96.49,105.28,20
left_elbow_deg,39.0,71.80,29.53,33.84,51.95,95.21,104.76,20
left_elbow_deg,40.0,71.78,29.39,33.42,52.44,93.62,104.11,20
left_elbow_deg,41.0,71.73,29.26,33.00,52.96,92.21,103.39,20
left_elbow_deg,42.0,71.59,29.11,32.58,53.27,91.68,102.70,20
left_elbow_deg,43.0,71.50,28.95,32.23,53.34,91.07,102.04,20
left_elbow_deg,44.0,71.61,28.85,32.19,53.30,89.67,101.39,20
left_elbow_deg,45.0,71.70,28.76,32.14,53.23,90.78,100.72,20
left_elbow_deg,46.0,71.75,28.70,32.07,53.12,91.13,100.70,20
left_elbow_deg,47.0,71.87,28.64,31.99,53.07,91.35,100.85,20
left_elbow_deg,48.0,71.92,28.56,31.93,52.87,91.36,101.00,20
left_elbow_deg,49.0,71.90,28.46,31.86,52.63,90.98,101.15,20
left_elbow_deg,50.0,71.87,28.38,31.79,52.40,90.58,101.30,20
left_elbow_deg,51.0,71.79,28.39,31.64,52.52,90.16,101.44,20
left_elbow_deg,52.0,71.71,28.43,31.50,52.64,90.17,101.58,20
left_elbow_deg,53.0,71.69,28.51,31.36,52.88,89.25,101.72,20
left_elbow_deg,54.0,71.87,28.63,31.21,53.65,88.88,101.86,20
left_elbow_deg,55.0,71.95,28.75,31.06,54.41,88.88,101.98,20
left_elbow_deg,56.0,72.01,28.88,30.93,55.19,88.84,102.09,20
left_elbow_deg,57.0,72.07,29.04,30.78,55.96,88.86,103.34,20
left_elbow_deg,58.0,72.08,29.18,30.56,56.74,88.81,104.98,20
left_elbow_deg,59.0,71.94,29.33,30.34,57.41,88.14,106.57,20
left_elbow_deg,60.0,71.67,29.53,30.12,57.95,87.49,108.14,20
left_elbow_deg,61.0,71.45,29.67,30.01,58.50,86.91,109.71,20
left_elbow_deg,62.0,71.24,29.83,29.91,56.82,86.75,111.14,20
left_elbow_deg,63.0,71.00,30.00,29.81,54.83,86.60,112.42,20
left_elbow_deg,64.0,70.89,30.21,29.71,52.91,86.46,113.68,20
left_elbow_deg,65.0,70.95,30.37,30.53,51.64,86.32,114.80,20
left_elbow_deg,66.0,71.09,30.47,31.72,51.87,86.34,115.88,20
left_elbow_deg,67.0,71.24,30.58,32.92,52.16,87.04,116.92,20
left_elbow_deg,68.0,71.39,30.66,34.18,52.56,87.82,117.90,20
left_elbow_deg,69.0,71.43,30.72,35.44,52.97,88.16,118.51,20
left_elbow_deg,70.0,71.45,30.74,36.70,53.33,88.37,118.45,20
left_elbow_deg,71.0,71.49,30.75,37.95,53.66,88.52,118.36,20
left_elbow_deg,72.0,71.72,30.86,37.78,53.93,88.56,118.25,20
left_elbow_deg,73.0,71.83,31.05,36.55,53.87,88.60,118.13,20
left_elbow_deg,74.0,71.83,31.30,35.33,53.94,88.66,118.05,20
left_elbow_deg,75.0,71.61,31.51,34.10,54.09,88.71,118.01,20
left_elbow_deg,76.0,71.52,31.63,32.92,55.52,88.83,117.92,20
left_elbow_deg,77.0,71.36,31.77,31.73,56.94,88.93,117.82,20
left_elbow_deg,78.0,71.28,31.92,30.54,58.32,88.84,117.50,20
left_elbow_deg,79.0,71.31,32.07,29.86,59.24,88.82,117.17,20
left_elbow_deg,80.0,71.35,32.19,29.89,58.42,88.78,116.90,20
left_elbow_deg,81.0,71.34,32.31,29.61,57.51,88.81,116.59,20
left_elbow_deg,82.0,71.23,32.38,29.33,56.66,88.83,116.29,20
left_elbow_deg,83.0,71.16,32.44,29.06,56.02,88.85,115.98,20
left_elbow_deg,84.0,71.04,32.49,28.81,55.31,88.44,115.60,20
left_elbow_deg,85.0,71.06,32.62,28.57,54.48,89.05,115.10,20
left_elbow_deg,86.0,71.17,32.79,28.34,53.57,91.07,114.37,20
left_elbow_deg,87.0,71.34,33.00,28.10,52.67,92.93,113.59,20
left_elbow_deg,88.0,71.41,33.17,27.86,51.76,93.20,112.81,20
left_elbow_deg,89.0,71.42,33.36,27.63,50.85,92.88,112.03,20
left_elbow_deg,90.0,71.51,33.58,27.42,49.90,93.62,111.25,20
left_elbow_deg,91.0,71.66,33.81,27.63,48.85,94.27,110.43,20
left_elbow_deg,92.0,71.82,34.07,27.86,48.28,94.81,109.57,20
left_elbow_deg,93.0,71.86,34.24,28.16,47.35,94.61,108.20,20
left_elbow_deg,94.0,71.79,34.28,28.90,46.85,95.58,106.98,20
left_elbow_deg,95.0,71.72,34.33,29.64,47.06,96.35,107.15,20
left_elbow_deg,96.0,71.65,34.39,30.38,47.33,96.90,106.75,20
left_elbow_deg,97.0,71.58,34.47,31.12,47.24,97.45,106.35,20
left_elbow_deg,98.0,71.53,34.58,31.85,46.45,98.00,105.95,20
left_elbow_deg,99.0,71.47,34.72,32.60,45.67,97.37,105.54,20
left_elbow_deg,100.0,71.42,34.88,33.33,44.88,96.36,105.44,20
right_elbow_deg,0.0,85.61,37.36,42.57,56.29,123.58,135.10,20
right_elbow_deg,1.0,85.89,38.04,42.35,55.27,124.98,139.29,20
right_elbow_deg,2.0,86.16,38.76,42.11,54.24,126.38,143.49,20
right_elbow_deg,3.0,86.43,39.51,41.89,53.22,127.68,146.45,20
right_elbow_deg,4.0,86.65,40.27,41.65,52.19,128.88,146.44,20
right_elbow_deg,5.0,86.84,41.04,41.43,51.16,130.07,146.38,20
right_elbow_deg,6.0,86.97,41.72,41.10,50.14,129.27,146.32,20
right_elbow_deg,7.0,87.05,42.36,40.81,49.18,127.80,146.27,20
right_elbow_deg,8.0,86.97,42.77,40.42,48.76,125.93,146.22,20
right_elbow_deg,9.0,86.83,42.96,40.02,48.70,124.00,146.01,20
right_elbow_deg,10.0,86.62,43.00,39.64,48.70,121.83,145.73,20
right_elbow_deg,11.0,86.53,43.06,39.51,48.47,120.59,145.47,20
right_elbow_deg,12.0,86.45,43.08,39.32,48.13,118.94,145.20,20
right_elbow_deg,13.0,86.34,43.06,39.12,48.11,115.97,144.95,20
right_elbow_deg,14.0,86.28,43.06,38.93,48.04,114.84,144.72,20
right_elbow_deg,15.0,86.35,43.15,38.74,47.88,115.42,144.51,20
right_elbow_deg,16.0,86.41,43.17,38.54,47.93,116.08,144.33,20
right_elbow_deg,17.0,86.40,43.06,38.38,48.11,116.70,144.29,20
right_elbow_deg,18.0,86.36,42.90,38.22,48.36,117.43,144.40,20
right_elbow_deg,19.0,86.28,42.75,38.01,48.79,118.72,143.60,20
right_elbow_deg,20.0,85.97,42.47,37.78,49.65,120.15,142.41,20
right_elbow_deg,21.0,85.80,42.15,37.65,50.97,120.97,141.74,20
right_elbow_deg,22.0,85.75,41.74,37.61,52.27,121.13,141.05,20
right_elbow_deg,23.0,85.72,41.25,37.95,53.14,121.06,140.35,20
right_elbow_deg,24.0,85.72,40.78,38.29,54.18,120.93,139.70,20
right_elbow_deg,25.0,85.62,40.39,38.64,55.23,120.80,139.06,20
right_elbow_deg,26.0,85.54,40.01,39.41,55.53,120.94,138.15,20
right_elbow_deg,27.0,85.48,39.66,42.01,55.89,121.07,137.71,20
right_elbow_deg,28.0,85.42,39.29,44.61,56.30,119.70,137.28,20
right_elbow_deg,29.0,85.46,38.91,46.37,56.73,118.06,136.85,20
right_elbow_deg,30.0,85.55,38.49,47.01,57.41,116.42,136.44,20
right_elbow_deg,31.0,85.72,37.92,47.25,59.34,114.61,135.81,20
right_elbow_deg,32.0,85.72,37.32,47.15,61.73,111.37,134.25,20
right_elbow_deg,33.0,85.67,36.74,47.05,62.81,109.16,132.69,20
right_elbow_deg,34.0,85.77,36.36,47.11,63.09,108.91,131.78,20
right_elbow_deg,35.0,85.94,36.07,47.27,64.37,109.45,131.50,20
right_elbow_deg,36.0,86.10,35.83,47.44,65.62,111.30,131.24,20
right_elbow_deg,37.0,86.38,35.53,47.68,65.89,113.09,130.98,20
right_elbow_deg,38.0,86.73,35.17,48.02,65.63,114.56,130.71,20
right_elbow_deg,39.0,87.37,34.73,48.37,66.18,115.70,130.46,20
right_elbow_deg,40.0,88.09,34.28,48.71,66.86,116.84,130.24,20
right_elbow_deg,41.0,88.65,33.97,49.04,67.06,118.03,130.00,20
right_elbow_deg,42.0,89.09,33.55,49.38,67.25,117.22,129.78,20
right_elbow_deg,43.0,89.13,32.97,49.75,67.40,113.15,129.55,20
right_elbow_deg,44.0,88.85,32.50,50.40,67.44,109.07,129.32,20
right_elbow_deg,45.0,88.55,32.12,51.16,67.37,105.54,129.08,20
right_elbow_deg,46.0,88.33,31.78,51.95,67.27,104.71,128.84,20
right_elbow_deg,47.0,88.01,31.43,52.82,67.18,103.69,128.57,20
right_elbow_deg,48.0,87.87,31.16,53.50,67.03,103.83,128.28,20
right_elbow_deg,49.0,87.87,30.96,53.98,66.90,103.46,127.99,20
right_elbow_deg,50.0,87.88,30.86,54.45,66.76,102.24,127.71,20
right_elbow_deg,51.0,87.94,30.81,55.27,66.55,104.10,127.97,20
right_elbow_deg,52.0,88.01,30.81,56.09,66.35,105.97,128.24,20
right_elbow_deg,53.0,87.96,30.88,56.36,66.15,107.83,128.50,20
right_elbow_deg,54.0,87.70,30.99,56.03,65.95,108.65,128.75,20
right_elbow_deg,55.0,87.38,31.11,55.84,65.67,108.58,128.46,20
right_elbow_deg,56.0,87.06,31.23,55.69,65.33,108.18,127.41,20
right_elbow_deg,57.0,86.78,31.36,55.55,65.05,107.78,126.35,20
right_elbow_deg,58.0,86.46,31.53,55.69,64.67,107.31,125.15,20
right_elbow_deg,59.0,86.28,31.68,56.11,64.29,107.14,124.05,20
right_elbow_deg,60.0,86.24,31.90,56.15,63.93,108.52,123.02,20
right_elbow_deg,61.0,86.13,32.21,56.19,61.90,109.53,122.00,20
right_elbow_deg,62.0,85.99,32.50,56.41,58.89,110.51,120.98,20
right_elbow_deg,63.0,85.81,32.77,55.61,57.13,111.42,119.98,20
right_elbow_deg,64.0,85.61,33.06,54.42,57.87,111.97,119.02,20
right_elbow_deg,65.0,85.32,33.41,52.17,58.60,111.36,118.12,20
right_elbow_deg,66.0,84.99,33.82,49.47,59.34,110.75,117.22,20
right_elbow_deg,67.0,84.62,34.20,46.78,60.05,110.03,117.13,20
right_elbow_deg,68.0,84.14,34.52,44.12,60.69,109.14,117.93,20
right_elbow_deg,69.0,83.60,34.85,41.44,61.34,108.10,118.73,20
right_elbow_deg,70.0,82.99,35.02,38.89,61.53,106.02,119.51,20
right_elbow_deg,71.0,82.41,35.21,35.79,61.59,104.16,120.57,20
right_elbow_deg,72.0,82.07,35.21,34.37,61.72,102.28,121.60,20
right_elbow_deg,73.0,81.81,35.08,34.21,61.90,101.04,122.58,20
right_elbow_deg,74.0,81.57,34.83,34.05,62.08,100.48,123.58,20
right_elbow_deg,75.0,81.19,34.61,33.89,62.27,99.93,124.58,20
right_elbow_deg,76.0,80.86,34.48,33.87,62.38,99.38,125.92,20
right_elbow_deg,77.0,80.52,34.34,33.99,62.49,99.01,126.85,20
right_elbow_deg,78.0,80.45,33.98,34.10,62.42,98.58,127.39,20
right_elbow_deg,79.0,80.49,33.64,33.65,62.26,98.14,127.89,20
right_elbow_deg,80.0,80.53,33.34,32.50,62.09,97.73,128.21,20
right_elbow_deg,81.0,80.50,33.05,31.67,61.92,97.36,127.76,20
right_elbow_deg,82.0,80.38,32.85,30.83,61.76,97.00,127.31,20
right_elbow_deg,83.0,80.31,32.80,30.04,61.59,96.69,126.84,20
right_elbow_deg,84.0,80.29,32.75,31.43,61.11,96.52,126.26,20
right_elbow_deg,85.0,80.50,32.57,35.48,60.52,96.43,125.59,20
right_elbow_deg,86.0,80.67,32.32,40.94,59.93,96.31,126.66,20
right_elbow_deg,87.0,80.63,32.06,47.40,59.29,95.90,127.60,20
right_elbow_deg,88.0,80.50,31.96,45.83,59.58,95.57,128.25,20
right_elbow_deg,89.0,80.39,31.96,43.71,61.00,95.46,126.93,20
right_elbow_deg,90.0,80.50,31.92,42.05,60.95,95.32,125.57,20
right_elbow_deg,91.0,80.78,31.79,40.38,63.08,95.23,124.04,20
right_elbow_deg,92.0,81.19,31.67,38.71,63.51,96.26,122.42,20
right_elbow_deg,93.0,81.68,31.85,37.03,63.15,97.33,121.65,20
right_elbow_deg,94.0,82.08,32.35,35.32,62.45,100.86,122.99,20
right_elbow_deg,95.0,82.42,32.94,33.64,61.71,106.62,124.10,20
right_elbow_deg,96.0,82.66,33.66,31.95,60.99,112.24,125.40,20
right_elbow_deg,97.0,82.90,34.48,30.26,60.27,115.44,126.71,20
right_elbow_deg,98.0,83.14,35.38,28.58,59.54,116.30,128.00,20
right_elbow_deg,99.0,83.38,36.36,26.89,58.81,117.16,129.51,20
right_elbow_deg,100.0,83.63,37.43,25.25,57.30,116.40,135.26,20
left_knee_deg,0.0,142.85,33.54,92.80,133.68,168.02,175.62,21
left_knee_deg,1.0,143.42,33.09,92.98,135.52,167.92,175.72,21
left_knee_deg,2.0,144.00,32.67,96.08,137.37,167.83,175.82,21
left_knee_deg,3.0,144.57,32.29,99.17,139.21,167.74,175.91,21
left_knee_deg,4.0,145.14,31.95,102.26,141.06,167.65,175.89,21
left_knee_deg,5.0,145.72,31.61,105.31,141.57,167.56,175.82,21
left_knee_deg,6.0,146.23,31.27,108.36,141.56,167.40,175.74,21
left_knee_deg,7.0,146.74,30.97,111.42,141.50,167.21,175.75,21
left_knee_deg,8.0,147.27,30.61,113.90,143.06,166.78,175.75,21
left_knee_deg,9.0,147.61,30.18,116.43,145.02,165.57,175.64,21
left_knee_deg,10.0,147.90,29.78,118.91,146.87,164.04,175.28,21
left_knee_deg,11.0,148.09,29.40,121.36,148.46,162.93,174.94,21
left_knee_deg,12.0,148.17,29.05,123.79,149.91,163.41,174.59,21
left_knee_deg,13.0,148.22,28.72,126.21,150.69,163.77,174.24,21
left_knee_deg,14.0,148.23,28.43,128.63,150.53,163.60,173.78,21
left_knee_deg,15.0,148.16,28.14,131.05,150.06,162.50,173.55,21
left_knee_deg,16.0,147.90,27.84,133.02,148.09,161.40,173.11,21
left_knee_deg,17.0,147.52,27.58,134.57,145.82,160.28,172.79,21
left_knee_deg,18.0,147.04,27.41,135.91,141.52,159.57,173.17,21
left_knee_deg,19.0,146.57,27.32,135.78,141.19,158.93,173.55,21
left_knee_deg,20.0,146.11,27.33,132.72,138.86,159.31,173.54,21
left_knee_deg,21.0,145.75,27.39,128.79,137.96,159.76,173.55,21
left_knee_deg,22.0,145.35,27.50,124.86,136.74,159.69,173.45,21
left_knee_deg,23.0,144.95,27.68,120.91,135.35,159.29,173.25,21
left_knee_deg,24.0,144.36,27.93,116.74,134.03,158.91,172.85,21
left_knee_deg,25.0,143.78,28.28,112.56,133.42,158.57,172.45,21
left_knee_deg,26.0,143.17,28.56,110.14,133.08,158.20,171.71,21
left_knee_deg,27.0,142.57,28.90,108.14,132.74,158.46,170.73,21
left_knee_deg,28.0,141.99,29.18,109.31,129.71,158.57,169.64,21
left_knee_deg,29.0,141.41,29.49,105.64,125.43,158.68,168.53,21
left_knee_deg,30.0,140.83,29.87,101.88,123.33,158.79,167.94,21
left_knee_deg,31.0,140.37,30.15,98.47,122.74,158.76,167.56,21
left_knee_deg,32.0,139.91,30.40,97.17,122.07,158.67,167.14,21
left_knee_deg,33.0,139.36,30.85,95.79,121.27,158.54,166.72,21
left_knee_deg,34.0,138.87,31.36,94.39,120.46,158.61,166.41,21
left_knee_deg,35.0,138.43,31.95,92.97,120.31,158.82,166.17,21
left_knee_deg,36.0,138.08,32.60,91.23,121.60,158.95,165.91,21
left_knee_deg,37.0,137.79,33.17,86.92,122.62,159.03,165.66,21
left_knee_deg,38.0,137.57,33.76,82.96,123.64,159.12,165.41,21
left_knee_deg,39.0,137.42,34.22,81.72,124.59,159.20,165.22,21
left_knee_deg,40.0,137.32,34.57,80.88,125.48,159.26,165.10,21
left_knee_deg,41.0,137.19,35.00,80.04,126.41,159.23,165.02,21
left_knee_deg,42.0,137.10,35.32,79.55,127.31,159.04,164.82,21
left_knee_deg,43.0,137.08,35.42,79.76,128.09,158.82,165.15,21
left_knee_deg,44.0,137.05,35.43,80.12,128.61,158.60,165.64,21
left_knee_deg,45.0,137.01,35.39,80.47,129.13,158.38,166.06,21
left_knee_deg,46.0,136.92,35.36,80.84,129.66,158.04,166.47,21
left_knee_deg,47.0,136.93,35.10,82.50,130.07,157.70,166.43,21
left_knee_deg,48.0,136.93,34.80,84.38,130.46,157.81,166.30,21
left_knee_deg,49.0,136.91,34.50,86.26,130.85,157.94,166.17,21
left_knee_deg,50.0,136.89,34.21,88.14,131.25,158.07,166.04,21
left_knee_deg,51.0,137.11,33.68,91.15,131.08,158.05,165.92,21
left_knee_deg,52.0,137.32,33.17,94.16,130.91,158.02,165.79,21
left_knee_deg,53.0,137.53,32.73,97.17,130.74,157.98,165.67,21
left_knee_deg,54.0,137.77,32.28,100.26,130.54,157.65,165.52,21
left_knee_deg,55.0,138.20,31.63,103.95,130.22,157.34,165.25,21
left_knee_deg,56.0,138.67,31.00,107.75,129.90,156.67,164.98,21
left_knee_deg,57.0,139.20,30.35,111.54,129.58,155.84,164.64,21
left_knee_deg,58.0,139.80,29.68,115.47,128.98,155.05,164.54,21
left_knee_deg,59.0,140.33,29.04,119.22,129.71,155.95,164.65,21
left_knee_deg,60.0,140.82,28.46,122.77,131.97,155.58,164.77,21
left_knee_deg,61.0,141.27,27.93,122.94,132.01,155.31,164.95,21
left_knee_deg,62.0,141.60,27.48,123.12,132.07,155.33,165.13,21
left_knee_deg,63.0,141.79,27.09,123.45,132.59,155.45,165.26,21
left_knee_deg,64.0,141.98,26.75,124.37,135.32,155.57,165.33,21
left_knee_deg,65.0,142.10,26.51,123.36,137.85,155.65,165.39,21
left_knee_deg,66.0,142.20,26.37,126.64,138.72,155.73,165.50,21
left_knee_deg,67.0,142.26,26.32,127.80,136.42,155.76,165.81,21
left_knee_deg,68.0,142.21,26.32,128.88,134.38,155.70,166.85,21
left_knee_deg,69.0,142.25,26.41,130.87,132.80,155.59,166.28,21
left_knee_deg,70.0,142.14,26.60,128.55,133.37,155.31,166.04,21
left_knee_deg,71.0,141.95,26.88,125.11,133.30,155.03,166.18,21
left_knee_deg,72.0,141.73,27.26,121.10,133.22,155.01,166.31,21
left_knee_deg,73.0,141.48,27.70,117.09,133.14,155.25,166.47,21
left_knee_deg,74.0,141.24,28.28,113.52,133.06,155.49,166.73,21
left_knee_deg,75.0,141.01,28.99,112.40,132.98,155.91,167.94,21
left_knee_deg,76.0,140.79,29.54,110.51,133.18,157.66,167.76,21
left_knee_deg,77.0,140.57,30.11,107.94,133.41,157.70,167.72,21
left_knee_deg,78.0,140.48,30.51,105.64,133.95,158.69,167.99,21
left_knee_deg,79.0,140.37,30.91,103.47,134.51,159.65,168.24,21
left_knee_deg,80.0,140.24,31.32,101.46,135.06,160.60,168.53,21
left_knee_deg,81.0,140.15,31.67,99.44,136.07,161.26,168.71,21
left_knee_deg,82.0,140.08,31.99,98.07,137.04,161.56,168.87,21
left_knee_deg,83.0,140.02,32.30,97.92,137.98,161.74,169.57,21
left_knee_deg,84.0,139.95,32.59,97.29,137.98,162.07,170.33,21
left_knee_deg,85.0,139.86,32.88,96.12,136.17,162.49,171.00,21
left_knee_deg,86.0,139.79,33.18,94.89,135.63,162.86,171.52,21
left_knee_deg,87.0,139.70,33.55,93.66,135.23,163.14,172.19,21
left_knee_deg,88.0,139.60,33.90,92.42,134.83,163.35,172.99,21
left_knee_deg,89.0,139.48,34.26,91.19,134.43,163.50,174.10,21
left_knee_deg,90.0,139.37,34.65,90.01,133.95,163.61,175.61,21
left_knee_deg,91.0,139.28,35.01,88.88,133.69,163.73,176.55,21
left_knee_deg,92.0,139.19,35.32,87.95,133.56,163.82,176.69,21
left_knee_deg,93.0,139.31,35.35,88.29,133.41,163.86,176.76,21
left_knee_deg,94.0,139.55,35.28,89.03,133.24,163.92,176.50,21
left_knee_deg,95.0,139.79,35.21,89.78,133.05,164.13,176.13,21
left_knee_deg,96.0,140.13,35.12,90.58,133.99,164.76,176.04,21
left_knee_deg,97.0,140.50,35.00,91.03,134.92,165.39,176.01,21
left_knee_deg,98.0,140.87,34.89,90.15,135.85,166.02,175.96,21
left_knee_deg,99.0,141.23,34.79,89.89,136.79,166.65,175.92,21
left_knee_deg,100.0,141.60,34.70,91.25,137.72,167.60,175.88,21
right_knee_deg,0.0,153.25,20.12,128.36,141.92,168.12,172.76,21
right_knee_deg,1.0,153.43,19.67,129.38,142.21,168.20,172.71,21
right_knee_deg,2.0,153.61,19.22,130.39,142.50,168.28,172.66,21
right_knee_deg,3.0,153.80,18.79,131.41,142.78,168.37,172.61,21
right_knee_deg,4.0,153.98,18.38,132.42,143.07,168.45,172.55,21
right_knee_deg,5.0,154.16,17.97,133.44,143.35,168.54,172.50,21
right_knee_deg,6.0,154.29,17.64,133.69,143.64,168.62,172.45,21
right_knee_deg,7.0,154.36,17.32,132.81,143.93,168.71,172.33,21
right_knee_deg,8.0,154.30,17.03,130.74,144.21,168.79,172.20,21
right_knee_deg,9.0,154.16,16.71,128.36,144.51,169.04,172.30,21
right_knee_deg,10.0,153.97,16.51,128.37,144.83,169.36,171.38,21
right_knee_deg,11.0,153.77,16.31,129.81,144.84,169.69,171.00,21
right_knee_deg,12.0,153.54,16.20,131.23,144.59,168.55,170.72,21
right_knee_deg,13.0,153.33,16.14,132.66,144.63,167.46,170.49,21
right_knee_deg,14.0,153.14,16.14,134.08,145.01,166.51,170.47,21
right_knee_deg,15.0,152.94,16.03,136.05,145.44,165.13,170.66,21
right_knee_deg,16.0,152.58,15.89,137.95,144.27,163.24,170.86,21
right_knee_deg,17.0,152.09,15.85,138.06,142.84,163.05,170.91,21
right_knee_deg,18.0,151.50,15.94,137.98,141.44,162.81,170.66,21
right_knee_deg,19.0,150.91,16.12,137.90,140.73,162.57,170.41,21
right_knee_deg,20.0,150.32,16.39,137.85,140.06,162.33,169.98,21
right_knee_deg,21.0,149.73,16.75,137.08,138.63,161.90,169.35,21
right_knee_deg,22.0,149.11,17.21,136.17,138.65,161.37,168.72,21
right_knee_deg,23.0,148.46,17.75,134.20,137.35,160.84,168.28,21
right_knee_deg,24.0,147.63,18.51,127.95,137.24,161.37,167.89,21
right_knee_deg,25.0,146.79,19.35,124.59,136.84,160.64,167.59,21
right_knee_deg,26.0,146.07,20.23,121.36,136.25,159.09,167.39,21
right_knee_deg,27.0,145.37,21.18,118.21,135.69,158.26,167.19,21
right_knee_deg,28.0,144.69,22.16,115.92,134.71,157.65,167.01,21
right_knee_deg,29.0,144.05,23.18,113.66,133.62,157.17,166.85,21
right_knee_deg,30.0,143.48,24.18,111.42,132.59,156.86,166.69,21
right_knee_deg,31.0,143.00,25.15,109.27,131.43,156.87,166.71,21
right_knee_deg,32.0,142.70,25.84,107.40,130.17,156.89,166.95,21
right_knee_deg,33.0,142.45,26.50,105.54,129.47,156.90,167.20,21
right_knee_deg,34.0,142.27,27.01,103.86,129.15,157.22,167.51,21
right_knee_deg,35.0,142.11,27.45,102.33,128.97,157.68,167.86,21
right_knee_deg,36.0,141.94,27.84,100.95,128.61,158.41,168.20,21
right_knee_deg,37.0,141.77,28.18,99.67,128.00,159.20,168.55,21
right_knee_deg,38.0,141.64,28.55,98.39,127.20,159.97,168.89,21
right_knee_deg,39.0,141.56,28.85,97.46,126.47,160.67,169.24,21
right_knee_deg,40.0,141.56,29.03,96.82,126.39,161.33,169.59,21
right_knee_deg,41.0,141.53,29.18,96.18,126.87,161.99,169.93,21
right_knee_deg,42.0,141.52,29.30,95.58,127.32,162.46,170.28,21
right_knee_deg,43.0,141.46,29.39,94.78,127.69,162.49,170.55,21
right_knee_deg,44.0,141.42,29.41,93.99,128.03,162.50,170.37,21
right_knee_deg,45.0,141.44,29.44,93.20,128.37,162.50,170.19,21
right_knee_deg,46.0,141.37,29.53,92.41,128.67,162.47,170.01,21
right_knee_deg,47.0,141.57,29.21,93.77,128.93,162.14,169.83,21
right_knee_deg,48.0,141.76,28.84,96.43,129.19,161.75,169.66,21
right_knee_deg,49.0,141.95,28.49,97.97,129.45,161.35,169.48,21
right_knee_deg,50.0,142.15,28.17,99.51,129.71,160.94,169.30,21
right_knee_deg,51.0,142.44,27.70,101.39,129.69,160.73,169.13,21
right_knee_deg,52.0,142.74,27.26,103.27,129.68,160.53,168.95,21
right_knee_deg,53.0,143.00,26.85,105.17,129.67,160.34,169.06,21
right_knee_deg,54.0,143.37,26.43,107.13,129.68,160.15,169.26,21
right_knee_deg,55.0,143.91,25.79,109.32,129.94,159.80,169.43,21
right_knee_deg,56.0,144.48,25.19,111.50,133.51,159.46,169.60,21
right_knee_deg,57.0,145.06,24.64,113.69,137.08,159.12,169.78,21
right_knee_deg,58.0,145.67,24.09,115.88,138.60,158.76,169.92,21
right_knee_deg,59.0,146.18,23.65,118.13,138.64,158.29,170.02,21
right_knee_deg,60.0,146.67,23.23,119.98,138.58,157.71,170.11,21
right_knee_deg,61.0,147.17,22.80,121.22,139.53,157.17,170.19,21
right_knee_deg,62.0,147.58,22.43,123.13,140.46,157.74,170.36,21
right_knee_deg,63.0,147.89,22.09,124.34,141.10,158.22,170.49,21
right_knee_deg,64.0,148.21,21.78,125.56,141.80,158.80,170.62,21
right_knee_deg,65.0,148.53,21.42,126.69,142.44,159.40,170.77,21
right_knee_deg,66.0,148.91,21.04,127.91,143.95,160.17,170.92,21
right_knee_deg,67.0,149.27,20.66,129.35,145.45,160.86,171.03,21
right_knee_deg,68.0,149.61,20.28,131.09,146.91,161.38,171.08,21
right_knee_deg,69.0,149.94,19.88,132.84,146.91,161.84,171.11,21
right_knee_deg,70.0,150.24,19.41,134.26,146.81,162.29,171.07,21
right_knee_deg,71.0,150.55,18.92,134.87,145.69,162.97,170.99,21
right_knee_deg,72.0,150.85,18.43,135.52,143.99,163.65,170.86,21
right_knee_deg,73.0,151.13,17.95,136.22,142.22,164.34,170.70,21
right_knee_deg,74.0,151.42,17.49,136.91,143.69,164.97,170.53,21
right_knee_deg,75.0,151.68,17.05,137.60,143.95,165.55,170.34,21
right_knee_deg,76.0,151.86,16.72,136.53,144.97,166.12,170.33,21
right_knee_deg,77.0,152.04,16.43,134.59,146.47,166.66,170.51,21
right_knee_deg,78.0,152.05,16.24,135.64,146.53,166.72,170.69,21
right_knee_deg,79.0,152.07,16.13,136.68,146.24,166.78,170.89,21
right_knee_deg,80.0,152.03,16.07,134.26,145.84,166.78,171.09,21
right_knee_deg,81.0,151.90,16.03,131.84,144.82,166.51,171.30,21
right_knee_deg,82.0,151.77,16.03,129.41,143.79,166.23,171.50,21
right_knee_deg,83.0,151.63,16.14,126.93,142.76,165.95,171.70,21
right_knee_deg,84.0,151.59,16.32,124.41,142.18,165.64,171.90,21
right_knee_deg,85.0,151.63,16.58,121.94,141.87,165.53,172.10,21
right_knee_deg,86.0,151.84,16.89,122.58,142.26,165.50,172.34,21
right_knee_deg,87.0,152.06,17.27,124.11,142.66,166.11,172.68,21
right_knee_deg,88.0,152.28,17.68,125.62,142.10,166.67,173.03,21
right_knee_deg,89.0,152.48,18.12,127.13,141.48,167.23,173.33,21
right_knee_deg,90.0,152.65,18.53,128.63,141.74,167.78,173.34,21
right_knee_deg,91.0,152.91,18.93,130.07,142.06,168.27,173.35,21
right_knee_deg,92.0,153.19,19.31,131.43,142.33,168.75,173.36,21
right_knee_deg,93.0,153.35,19.52,130.92,142.41,168.93,173.37,21
right_knee_deg,94.0,153.43,19.70,130.43,142.41,168.85,173.38,21
right_knee_deg,95.0,153.47,19.88,129.99,142.35,168.73,173.51,21
right_knee_deg,96.0,153.44,20.10,128.91,142.28,168.56,173.77,21
right_knee_deg,97.0,153.38,20.33,127.69,142.22,168.39,174.02,21
right_knee_deg,98.0,153.31,20.57,126.47,142.16,168.21,174.28,21
right_knee_deg,99.0,153.24,20.82,125.25,142.10,168.04,174.53,21
right_knee_deg,100.0,153.17,21.08,124.03,142.03,167.87,174.70,21
